Loan_Amount_Term,Credit_History,Loan_Status,LoanAmount_log,ApplicantIncome_log,Gender_Female,Gender_Male,Married_No,Married_Yes,Dependents_0,Dependents_1,Dependents_2,Dependents_3,Education_Graduate,Education_Not Graduate,Self_Employed_No,Self_Employed_Yes,Property_Area_Rural,Property_Area_Semiurban,Property_Area_Urban
360.0,1.0,1,4.852030263919617,8.674025985443025,0,1,1,0,1,0,0,0,1,0,1,0,0,0,1
360.0,1.0,0,4.852030263919617,8.430109084509125,0,1,0,1,0,1,0,0,1,0,1,0,1,0,0
360.0,1.0,1,4.189654742026425,8.006367567650246,0,1,0,1,1,0,0,0,1,0,0,1,0,0,1
360.0,1.0,1,4.787491742782046,7.8567067930958405,0,1,0,1,1,0,0,0,0,1,1,0,0,0,1
360.0,1.0,1,4.948759890378168,8.699514748210191,0,1,1,0,1,0,0,0,1,0,1,0,0,0,1
360.0,1.0,1,5.58724865840025,8.597297435657898,0,1,0,1,0,0,1,0,1,0,0,1,0,0,1
360.0,1.0,1,4.553876891600541,7.75491027202143,0,1,0,1,1,0,0,0,0,1,1,0,0,0,1
360.0,0.0,0,5.062595033026967,8.01829613851552,0,1,0,1,0,0,0,1,1,0,1,0,0,1,0
360.0,1.0,1,5.123963979403259,8.295548516225763,0,1,0,1,0,0,1,0,1,0,1,0,0,0,1
360.0,1.0,0,5.855071922202427,9.460398455831275,0,1,0,1,0,1,0,0,1,0,1,0,0,1,0
360.0,1.0,1,4.248495242049359,8.070906088787819,0,1,0,1,0,0,1,0,1,0,1,0,0,0,1
360.0,1.0,1,4.6913478822291435,7.824046010856292,0,1,0,1,0,0,1,0,1,0,1,0,0,0,1
360.0,1.0,1,5.298317366548036,8.030409562130485,0,1,0,1,0,0,1,0,1,0,1,0,0,0,1
360.0,1.0,0,4.736198448394496,7.52456122628536,0,1,1,0,1,0,0,0,1,0,1,0,1,0,0
120.0,1.0,1,2.833213344056216,7.1693500166706,0,1,0,1,0,0,1,0,1,0,1,0,0,0,1
360.0,1.0,1,4.8283137373023015,8.507142855562735,0,1,1,0,1,0,0,0,1,0,1,0,0,0,1
240.0,1.0,1,4.605170185988092,8.18757739559151,0,1,1,0,0,1,0,0,0,1,1,0,0,0,1
360.0,0.0,0,4.330733340286331,8.163371316459912,1,0,1,0,1,0,0,0,1,0,1,0,0,0,1
360.0,1.0,0,4.890349128221754,8.494333897270154,0,1,0,1,1,0,0,0,0,1,1,0,1,0,0
360.0,1.0,1,4.74493212836325,7.8632667240095735,0,1,0,1,1,0,0,0,1,0,1,0,0,0,1
360.0,0.0,0,4.6443908991413725,8.943767262734637,0,1,0,1,1,0,0,0,0,1,1,0,0,0,1
360.0,1.0,1,5.752572638825633,8.691986481789401,0,1,0,1,0,1,0,0,1,0,1,0,0,0,1
360.0,0.0,0,4.7535901911063645,7.8632667240095735,0,1,0,1,1,0,0,0,0,1,1,0,0,1,0
360.0,0.0,0,4.718498871295094,8.121183242078828,0,1,0,1,0,0,1,0,0,1,1,0,1,0,0
360.0,1.0,0,5.017279836814924,8.220672170297252,0,1,0,1,0,1,0,0,1,0,1,0,0,1,0
360.0,1.0,1,5.25227342804663,9.165343006045447,0,1,0,1,1,0,0,0,1,0,0,1,0,1,0
360.0,1.0,1,4.804021044733257,7.937017489515454,0,1,0,1,1,0,0,0,1,0,1,0,0,1,0
360.0,1.0,1,4.700480365792417,8.349011198176003,0,1,0,1,0,0,1,0,0,1,1,0,0,0,1
360.0,1.0,0,3.5553480614894135,7.273786317844895,0,1,1,0,1,0,0,0,0,1,1,0,0,0,1
360.0,1.0,1,4.787491742782046,8.229511118964457,1,0,1,0,0,0,1,0,1,0,1,0,0,1,0
360.0,1.0,0,5.303304908059076,8.334711621820917,0,1,0,1,0,1,0,0,1,0,1,0,0,0,1
360.0,1.0,0,4.30406509320417,8.06054004653864,0,1,1,0,1,0,0,0,1,0,1,0,0,0,1
360.0,1.0,0,4.663439094112067,8.453614209773367,0,1,1,0,0,1,0,0,1,0,0,1,1,0,0
360.0,1.0,1,4.736198448394496,8.160518247477505,0,1,0,1,1,0,0,0,1,0,1,0,0,1,0
360.0,1.0,0,5.768320995793772,9.433483923290392,0,1,1,0,0,0,0,1,1,0,1,0,1,0,0
360.0,1.0,1,4.852030263919617,7.729735331385051,0,1,0,1,1,0,0,0,1,0,1,0,0,0,1
360.0,0.0,0,4.605170185988092,7.510977752014095,0,1,0,1,1,0,0,0,1,0,1,0,0,0,1
360.0,1.0,1,4.969813299576001,8.207129168071326,1,0,0,1,1,0,0,0,1,0,1,0,0,1,0
360.0,1.0,1,5.214935757608986,8.334711621820917,0,1,1,0,1,0,0,0,1,0,1,0,0,0,1
360.0,1.0,1,4.700480365792417,8.228977643358313,0,1,1,0,1,0,0,0,0,1,1,0,0,1,0
360.0,1.0,0,4.382026634673881,8.1886891244442,0,1,1,0,1,0,0,0,1,0,1,0,0,0,1
360.0,1.0,1,3.8501476017100584,7.495541943884256,0,1,1,0,1,0,0,0,1,0,1,0,0,0,1
360.0,1.0,1,4.31748811353631,7.783224016336037,0,1,0,1,1,0,0,0,1,0,1,0,0,0,1
360.0,1.0,1,4.897839799950911,8.279189777195004,0,1,0,1,1,0,0,0,1,0,1,0,0,1,0
360.0,1.0,1,4.564348191467836,8.454253391642363,0,1,0,1,1,0,0,0,0,1,0,1,0,0,1
360.0,1.0,1,4.477336814478207,8.134467570277563,1,0,1,0,1,0,0,0,1,0,1,0,0,0,1
360.0,1.0,1,3.784189633918261,8.639233817325263,0,1,0,1,0,1,0,0,1,0,1,0,0,0,1
360.0,1.0,1,4.969813299576001,8.669227347271736,0,1,0,1,1,0,0,0,1,0,1,0,0,0,1
360.0,0.0,0,4.787491742782046,7.8804263442924,1,0,0,1,1,0,0,0,1,0,1,0,0,0,1
360.0,1.0,1,4.969813299576001,8.294049640102028,1,0,1,0,1,0,0,0,1,0,1,0,0,1,0
360.0,1.0,1,4.605170185988092,7.564238475170491,1,0,0,1,1,0,0,0,0,1,1,0,0,1,0
360.0,1.0,1,4.787491742782046,8.034631032923107,1,0,1,0,1,0,0,0,1,0,1,0,0,1,0
360.0,1.0,0,4.718498871295094,8.349957272040324,1,0,1,0,1,0,0,0,1,0,1,0,0,1,0
360.0,1.0,0,4.897839799950911,8.437283808187935,0,1,0,1,0,0,1,0,1,0,1,0,0,0,1
360.0,0.0,0,5.655991810819852,9.350102314351341,1,0,0,1,0,1,0,0,1,0,0,1,0,0,1
360.0,1.0,1,4.574710978503383,7.903965634032166,0,1,0,1,0,0,1,0,1,0,1,0,0,1,0
360.0,1.0,1,4.564348191467836,7.664815785285735,0,1,0,1,1,0,0,0,1,0,1,0,0,1,0
360.0,1.0,0,4.90527477843843,8.121480374750751,0,1,0,1,1,0,0,0,1,0,1,0,1,0,0
360.0,1.0,1,5.19295685089021,8.997147151515142,0,1,0,1,0,1,0,0,1,0,1,0,0,0,1
360.0,1.0,1,4.969813299576001,8.118802996980035,0,1,0,1,0,0,1,0,0,1,1,0,0,0,1
360.0,1.0,1,4.787491742782046,7.824046010856292,0,1,0,1,1,0,0,0,1,0,1,0,0,0,1
360.0,1.0,1,4.59511985013459,8.015987811027237,0,1,0,1,0,0,0,1,1,0,1,0,0,0,1
180.0,0.0,0,5.10594547390058,7.866722285136729,0,1,0,1,1,0,0,0,0,1,0,1,1,0,0
360.0,0.0,0,4.852030263919617,8.506132244056813,0,1,0,1,0,1,0,0,1,0,1,0,1,0,0
360.0,0.0,0,4.7535901911063645,8.334711621820917,1,0,1,0,1,0,0,0,1,0,1,0,0,1,0
360.0,1.0,0,5.552959584921617,8.65277248565806,0,1,0,1,1,0,0,0,1,0,1,0,0,1,0
180.0,0.0,0,4.836281906951478,8.070906088787819,0,1,1,0,1,0,0,0,0,1,1,0,0,0,1
360.0,1.0,1,5.7430031878094825,9.28266103355581,0,1,0,1,0,1,0,0,1,0,1,0,0,0,1
60.0,1.0,1,4.8283137373023015,8.867850063029406,0,1,0,1,0,0,0,1,0,1,0,1,0,0,1
360.0,0.0,0,4.912654885736052,8.366370301681654,1,0,1,0,1,0,0,0,1,0,1,0,0,1,0
360.0,1.0,1,5.147494476813453,8.073402968986406,0,1,0,1,1,0,0,0,1,0,1,0,0,0,1
360.0,1.0,1,4.574710978503383,7.536363938404511,0,1,0,1,0,0,1,0,0,1,0,1,0,1,0
300.0,1.0,1,4.394449154672439,8.160518247477505,0,1,1,0,1,0,0,0,1,0,1,0,0,1,0
360.0,0.0,0,4.553876891600541,8.46695197497949,0,1,0,1,0,0,0,1,0,1,1,0,0,1,0
360.0,1.0,1,5.231108616854587,8.569026340056254,0,1,0,1,0,0,0,1,1,0,0,1,0,1,0
480.0,1.0,0,4.727387818712341,8.229511118964457,0,1,1,0,1,0,0,0,1,0,1,0,0,0,1
360.0,1.0,0,5.170483995038151,8.229511118964457,0,1,1,0,1,0,0,0,1,0,1,0,0,0,1
360.0,1.0,0,4.700480365792417,6.907755278982137,0,1,0,1,0,1,0,0,1,0,0,1,0,0,1
300.0,0.0,0,5.19295685089021,8.06054004653864,0,1,0,1,0,0,0,1,1,0,1,0,0,1,0
360.0,1.0,1,4.867534450455582,8.11162807830774,0,1,0,1,0,0,0,1,0,1,0,1,0,1,0
360.0,1.0,1,4.709530201312334,8.254788926148725,1,0,1,0,1,0,0,0,1,0,1,0,0,1,0
360.0,1.0,1,4.852030263919617,7.781138509845015,0,1,0,1,0,1,0,0,1,0,0,1,0,1,0
360.0,1.0,0,5.117993812416755,7.228388451573604,1,0,0,1,0,0,1,0,1,0,1,0,0,0,1
360.0,1.0,0,5.579729825986222,8.699514748210191,0,1,0,1,1,0,0,0,1,0,1,0,0,1,0
240.0,1.0,1,3.912023005428146,8.291045131081729,0,1,0,1,0,1,0,0,1,0,1,0,0,0,1
360.0,1.0,1,4.912654885736052,7.768956044538332,0,1,1,0,1,0,0,0,1,0,1,0,0,1,0
360.0,1.0,1,4.59511985013459,8.11162807830774,0,1,0,1,0,0,1,0,0,1,1,0,0,1,0
360.0,1.0,1,4.6443908991413725,7.824046010856292,0,1,0,1,1,0,0,0,1,0,1,0,0,1,0
360.0,1.0,1,5.3471075307174685,9.055556158175316,0,1,1,0,1,0,0,0,1,0,1,0,0,0,1
360.0,1.0,1,5.1647859739235145,8.647343875881283,0,1,0,1,1,0,0,0,1,0,1,0,0,1,0
360.0,1.0,1,4.875197323201151,7.992268643270745,0,1,0,1,1,0,0,0,1,0,1,0,0,1,0
180.0,1.0,1,5.236441962829949,8.740336742730447,0,1,0,1,0,0,1,0,1,0,1,0,0,1,0
360.0,1.0,1,4.394449154672439,8.09346227450118,0,1,0,1,0,0,1,0,0,1,1,0,0,0,1
360.0,1.0,1,4.804021044733257,8.326758814511733,0,1,1,0,1,0,0,0,1,0,1,0,0,1,0
120.0,1.0,1,3.2188758248682006,8.194229304819817,0,1,1,0,1,0,0,0,0,1,1,0,0,1,0
360.0,1.0,0,4.852030263919617,8.822027322685583,0,1,1,0,1,0,0,0,1,0,1,0,0,0,1
360.0,1.0,1,4.919980925828125,7.81762544305337,1,0,0,1,1,0,0,0,1,0,1,0,0,1,0
360.0,1.0,1,3.912023005428146,7.589335823170617,0,1,0,1,1,0,0,0,1,0,1,0,0,1,0
180.0,1.0,1,4.74493212836325,8.339978571990427,0,1,0,1,1,0,0,0,0,1,1,0,0,1,0
360.0,1.0,1,4.875197323201151,7.472500744737558,0,1,0,1,1,0,0,0,1,0,1,0,0,1,0
180.0,1.0,1,4.890349128221754,8.363575702750637,0,1,0,1,0,0,1,0,0,1,1,0,0,0,1
360.0,1.0,1,5.017279836814924,8.48528964240323,0,1,1,0,1,0,0,0,1,0,1,0,0,1,0
360.0,1.0,1,4.852030263919617,9.521494800613105,0,1,0,1,1,0,0,0,1,0,1,0,0,0,1
360.0,1.0,1,4.852030263919617,8.445052513638554,0,1,0,1,1,0,0,0,1,0,1,0,0,1,0
360.0,1.0,1,5.075173815233827,8.246958032568177,0,1,0,1,1,0,0,0,1,0,1,0,0,0,1
360.0,1.0,1,4.605170185988092,8.023552392404348,0,1,0,1,0,1,0,0,1,0,1,0,0,0,1
360.0,1.0,1,5.41610040220442,9.342858751676328,0,1,0,1,0,0,1,0,1,0,1,0,0,0,1
360.0,1.0,0,4.787491742782046,8.9001399880938,0,1,1,0,1,0,0,0,0,1,1,0,1,0,0
360.0,0.0,0,5.375278407684165,8.242756345714477,0,1,0,1,0,0,1,0,1,0,1,0,0,0,1
480.0,1.0,1,4.543294782270004,7.635786861395585,0,1,0,1,0,0,0,1,0,1,1,0,0,1,0
360.0,1.0,1,4.912654885736052,8.578476419833136,0,1,1,0,1,0,0,0,1,0,1,0,0,0,1
360.0,1.0,1,4.9344739331306915,7.982416346827733,1,0,0,1,1,0,0,0,1,0,1,0,0,1,0
360.0,0.0,0,5.0238805208462765,8.18088094199639,0,1,0,1,1,0,0,0,0,1,1,0,1,0,0
360.0,1.0,1,4.852030263919617,8.916103530553727,1,0,1,0,0,1,0,0,1,0,0,1,0,1,0
360.0,1.0,1,4.770684624465665,8.527143522269405,0,1,1,0,1,0,0,0,1,0,1,0,0,1,0
180.0,1.0,1,5.220355825078324,9.587611745713565,0,1,0,1,0,1,0,0,1,0,1,0,1,0,0
360.0,1.0,1,5.0369526024136295,8.06054004653864,1,0,0,1,1,0,0,0,1,0,1,0,0,1,0
360.0,1.0,1,4.442651256490317,7.7025561132685825,0,1,0,1,0,1,0,0,1,0,1,0,0,0,1
360.0,1.0,0,5.1647859739235145,8.624791202014256,0,1,0,1,1,0,0,0,1,0,1,0,1,0,0
360.0,1.0,1,5.556828061699537,9.250330020192342,1,0,1,0,1,0,0,0,1,0,1,0,0,0,1
360.0,1.0,1,5.19295685089021,8.64241515616962,0,1,0,1,1,0,0,0,1,0,1,0,1,0,0
360.0,1.0,1,3.784189633918261,8.334711621820917,1,0,1,0,1,0,0,0,1,0,1,0,0,1,0
360.0,0.0,1,4.919980925828125,7.667158255319148,1,0,1,0,1,0,0,0,1,0,1,0,0,1,0
360.0,1.0,1,4.394449154672439,7.9919305198524775,0,1,0,1,0,0,1,0,1,0,1,0,0,1,0
360.0,1.0,1,5.267858159063328,8.366370301681654,0,1,0,1,1,0,0,0,0,1,1,0,1,0,0
360.0,1.0,1,4.532599493153256,8.213923595622743,1,0,1,0,1,0,0,0,1,0,1,0,1,0,0
360.0,1.0,1,5.91350300563827,10.077566902136047,0,1,0,1,0,0,0,1,1,0,1,0,1,0,0
360.0,1.0,1,4.852030263919617,8.259716961021523,0,1,1,0,1,0,0,0,1,0,1,0,1,0,0
180.0,0.0,0,5.075173815233827,9.26036786557583,0,1,0,1,0,1,0,0,1,0,0,1,0,0,1
360.0,1.0,0,5.204006687076795,8.712759974960212,0,1,0,1,1,0,0,0,1,0,1,0,1,0,0
480.0,1.0,1,6.476972362889683,9.91175329695316,0,1,1,0,1,0,0,0,1,0,0,1,0,0,1
360.0,1.0,1,4.30406509320417,7.607878073278507,0,1,1,0,1,0,0,0,1,0,1,0,0,0,1
360.0,1.0,1,4.248495242049359,7.907651594711089,0,1,1,0,1,0,0,0,1,0,1,0,0,1,0
120.0,1.0,1,3.2188758248682006,8.148734808937169,0,1,0,1,1,0,0,0,1,0,0,1,0,1,0
360.0,1.0,1,4.624972813284271,8.49596955496461,0,1,1,0,1,0,0,0,1,0,1,0,0,1,0
360.0,1.0,0,5.66988092298052,8.294049640102028,0,1,0,1,0,0,0,1,1,0,1,0,0,1,0
360.0,1.0,0,4.430816798843313,8.430109084509125,1,0,0,1,1,0,0,0,1,0,1,0,1,0,0
360.0,1.0,1,4.477336814478207,8.106514516255185,0,1,0,1,0,0,1,0,1,0,0,1,0,0,1
360.0,0.0,0,5.488937726156687,9.61573881119536,0,1,1,0,1,0,0,0,1,0,1,0,0,1,0
360.0,1.0,0,4.859812404361672,8.34283980427146,0,1,0,1,0,0,1,0,0,1,1,0,1,0,0
360.0,1.0,0,5.220355825078324,8.525558107747866,0,1,0,1,0,0,1,0,1,0,1,0,1,0,0
360.0,1.0,1,5.123963979403259,8.597297435657898,0,1,1,0,1,0,0,0,1,0,1,0,0,0,1
180.0,1.0,1,5.1647859739235145,8.846496938558838,0,1,1,0,1,0,0,0,1,0,0,1,0,1,0
360.0,1.0,1,4.804021044733257,7.900266036767701,0,1,0,1,1,0,0,0,1,0,1,0,0,1,0
180.0,1.0,1,5.231108616854587,9.372204086867741,0,1,0,1,0,0,1,0,1,0,1,0,0,0,1
360.0,1.0,1,4.605170185988092,7.753623546559746,1,0,0,1,1,0,0,0,1,0,1,0,0,1,0
360.0,1.0,1,4.248495242049359,9.60683200528524,1,0,0,1,0,0,1,0,1,0,1,0,0,0,1
360.0,1.0,1,3.4011973816621555,7.338238150065589,0,1,0,1,0,1,0,0,1,0,1,0,0,0,1
360.0,1.0,0,5.41610040220442,9.210340371976184,1,0,1,0,1,0,0,0,1,0,1,0,1,0,0
360.0,1.0,1,4.8283137373023015,8.48879371689454,0,1,0,1,1,0,0,0,1,0,1,0,0,1,0
360.0,0.0,0,4.770684624465665,8.744647438317532,0,1,1,0,1,0,0,0,1,0,1,0,1,0,0
360.0,1.0,1,5.0238805208462765,7.854381210652365,0,1,0,1,1,0,0,0,1,0,0,1,1,0,0
360.0,1.0,0,5.497168225293202,9.123256265069069,0,1,1,0,1,0,0,0,1,0,1,0,0,0,1
360.0,1.0,0,4.727387818712341,7.732369222284388,0,1,0,1,0,0,1,0,0,1,1,0,1,0,0
360.0,1.0,1,3.912023005428146,8.087640287778983,0,1,1,0,1,0,0,0,1,0,1,0,0,0,1
180.0,0.0,1,6.396929655216146,10.596609732783568,0,1,0,1,0,0,0,1,1,0,1,0,0,1,0
360.0,1.0,1,5.075173815233827,8.699514748210191,0,1,0,1,0,1,0,0,1,0,1,0,1,0,0
360.0,1.0,1,5.231108616854587,9.16303909885817,0,1,0,1,0,1,0,0,1,0,1,0,0,0,1
360.0,1.0,1,4.787491742782046,7.9996785794994505,0,1,1,0,1,0,0,0,1,0,1,0,1,0,0
360.0,1.0,1,5.541263545158426,8.430109084509125,0,1,0,1,1,0,0,0,1,0,1,0,0,1,0
360.0,1.0,1,4.584967478670572,7.529943370601589,0,1,0,1,1,0,0,0,0,1,1,0,0,1,0
360.0,1.0,0,5.616771097666572,8.978786553302003,0,1,0,1,1,0,0,0,1,0,1,0,0,0,1
360.0,0.0,0,4.795790545596741,8.035602692918582,0,1,0,1,0,1,0,0,1,0,1,0,0,1,0
360.0,1.0,1,5.062595033026967,8.334951631422454,0,1,0,1,0,0,1,0,1,0,1,0,1,0,0
180.0,1.0,1,4.31748811353631,9.140239744296693,0,1,0,1,1,0,0,0,1,0,1,0,0,0,1
360.0,1.0,1,5.204006687076795,8.217978203150732,0,1,0,1,1,0,0,0,1,0,1,0,1,0,0
360.0,1.0,0,4.718498871295094,8.430109084509125,1,0,0,1,1,0,0,0,1,0,1,0,1,0,0
360.0,1.0,1,4.859812404361672,7.79934339821592,0,1,0,1,1,0,0,0,1,0,1,0,1,0,0
480.0,0.0,0,4.143134726391533,7.71289096149013,0,1,1,0,1,0,0,0,1,0,1,0,0,1,0
360.0,1.0,1,5.298317366548036,8.987196820661973,0,1,0,1,0,0,1,0,1,0,1,0,0,1,0
360.0,1.0,1,4.553876891600541,7.506591780070841,0,1,0,1,1,0,0,0,0,1,1,0,1,0,0
300.0,1.0,1,6.551080335043404,10.854430887309706,0,1,0,1,0,0,0,1,1,0,1,0,0,0,1
180.0,1.0,0,4.394449154672439,8.166784289056151,0,1,0,1,0,0,0,1,0,1,1,0,1,0,0
360.0,1.0,1,5.231108616854587,8.649623978596727,0,1,0,1,1,0,0,0,1,0,1,0,0,1,0
360.0,1.0,0,4.465908118654584,8.37655086161377,0,1,0,1,1,0,0,0,0,1,0,1,0,1,0
360.0,1.0,1,4.7535901911063645,8.159660737063376,0,1,0,1,1,0,0,0,1,0,1,0,1,0,0
360.0,1.0,1,4.61512051684126,7.623153068476902,0,1,0,1,0,0,1,0,1,0,1,0,1,0,0
360.0,0.0,0,6.20455776256869,8.615408238913192,0,1,0,1,0,0,0,1,1,0,1,0,0,1,0
360.0,1.0,1,4.7535901911063645,8.229511118964457,0,1,0,1,0,1,0,0,1,0,1,0,0,1,0
480.0,0.0,0,4.624972813284271,7.75491027202143,0,1,1,0,1,0,0,0,0,1,1,0,0,0,1
360.0,0.0,0,5.19295685089021,8.764053269347762,0,1,0,1,0,1,0,0,1,0,1,0,0,0,1
360.0,1.0,0,4.204692619390966,7.557994958530806,0,1,1,0,1,0,0,0,1,0,1,0,1,0,0
180.0,1.0,1,4.290459441148391,8.433811582477187,0,1,0,1,1,0,0,0,1,0,1,0,0,1,0
360.0,1.0,0,5.560681631015528,10.429576102968031,0,1,0,1,0,1,0,0,1,0,1,0,0,1,0
360.0,1.0,1,4.68213122712422,8.195609567288775,1,0,0,1,1,0,0,0,1,0,1,0,0,1,0
360.0,1.0,1,4.787491742782046,10.575079070130357,0,1,0,1,1,0,0,0,1,0,0,1,0,1,0
300.0,0.0,0,4.189654742026425,7.686162303492906,0,1,0,1,0,1,0,0,1,0,0,1,1,0,0
360.0,1.0,1,4.060443010546419,7.776115477098742,0,1,0,1,1,0,0,0,1,0,1,0,1,0,0
360.0,1.0,1,5.123963979403259,6.513230110912307,0,1,0,1,1,0,0,0,1,0,0,1,1,0,0
180.0,1.0,1,5.236441962829949,9.140775908590273,0,1,0,1,1,0,0,0,1,0,1,0,1,0,0
360.0,1.0,1,3.871201010907891,8.493924564476883,0,1,1,0,1,0,0,0,0,1,1,0,1,0,0
360.0,1.0,0,5.099866427824199,9.392661928770137,0,1,1,0,1,0,0,0,1,0,1,0,0,1,0
360.0,1.0,0,5.075173815233827,8.704999678440762,0,1,0,1,1,0,0,0,0,1,1,0,0,0,1
360.0,1.0,1,4.330733340286331,8.257904193465674,0,1,1,0,1,0,0,0,1,0,1,0,0,1,0
360.0,1.0,1,4.787491742782046,8.340694647925071,0,1,1,0,1,0,0,0,1,0,1,0,1,0,0
360.0,1.0,0,5.135798437050262,8.047189562170502,0,1,0,1,0,1,0,0,1,0,1,0,0,1,0
360.0,1.0,1,5.231108616854587,9.027978814382207,0,1,1,0,1,0,0,0,1,0,1,0,1,0,0
360.0,1.0,1,4.787491742782046,7.553286605600419,1,0,1,0,1,0,0,0,0,1,1,0,0,0,1
360.0,1.0,1,4.727387818712341,8.13622555490846,1,0,0,1,1,0,0,0,1,0,1,0,0,1,0
360.0,1.0,0,4.418840607796598,9.305650551780507,0,1,1,0,1,0,0,0,1,0,0,1,0,0,1
360.0,1.0,1,4.499809670330265,7.8632667240095735,0,1,0,1,0,1,0,0,0,1,1,0,0,1,0
360.0,0.0,1,5.111987788356544,8.5016733797582,0,1,1,0,0,0,1,0,1,0,1,0,0,1,0
180.0,1.0,0,4.852030263919617,8.292047637431354,0,1,0,1,0,0,0,1,0,1,1,0,0,0,1
360.0,1.0,1,4.90527477843843,8.160518247477505,0,1,0,1,0,1,0,0,0,1,1,0,0,0,1
360.0,1.0,1,4.820281565605037,8.27308133366583,0,1,0,1,0,0,1,0,0,1,1,0,0,1,0
360.0,1.0,1,4.787491742782046,8.391176350832751,1,0,1,0,1,0,0,0,0,1,1,0,0,1,0
360.0,1.0,1,4.382026634673881,8.084562415235304,1,0,1,0,1,0,0,0,1,0,1,0,0,0,1
360.0,1.0,1,4.007333185232471,8.287780027088433,0,1,1,0,1,0,0,0,0,1,1,0,1,0,0
360.0,1.0,1,4.07753744390572,7.8156105320351905,0,1,1,0,1,0,0,0,1,0,1,0,0,0,1
360.0,1.0,0,4.844187086458591,8.136810863675537,0,1,1,0,1,0,0,0,1,0,1,0,0,1,0
360.0,1.0,0,5.365976015021851,9.210340371976184,1,0,1,0,1,0,0,0,1,0,1,0,0,1,0
360.0,0.0,0,4.852030263919617,8.140315540159985,0,1,0,1,0,0,0,1,1,0,1,0,0,1,0
360.0,1.0,1,5.480638923341991,8.960210955576986,0,1,0,1,0,1,0,0,1,0,0,1,0,0,1
360.0,1.0,1,4.867534450455582,8.648747631156539,0,1,0,1,0,0,0,1,0,1,0,1,1,0,0
360.0,1.0,1,4.919980925828125,8.062432791583195,0,1,0,1,1,0,0,0,1,0,1,0,0,0,1
360.0,1.0,1,4.605170185988092,8.25582842728183,0,1,0,1,0,0,0,1,0,1,1,0,0,1,0
360.0,1.0,0,4.90527477843843,5.0106352940962555,0,1,0,1,1,0,0,0,1,0,1,0,1,0,0
360.0,1.0,1,4.875197323201151,8.223358899479258,0,1,0,1,1,0,0,0,1,0,1,0,0,1,0
360.0,0.0,0,4.276666119016055,8.517193191416238,0,1,0,1,0,0,1,0,1,0,1,0,0,1,0
360.0,1.0,1,4.844187086458591,8.36240897761537,1,0,0,1,0,0,1,0,1,0,1,0,0,1,0
360.0,0.0,0,4.0943445622221,7.7057128238944275,0,1,0,1,1,0,0,0,1,0,1,0,0,0,1
360.0,1.0,1,4.7535901911063645,8.296297112642508,0,1,0,1,0,0,1,0,1,0,1,0,0,1,0
360.0,1.0,1,4.969813299576001,7.9966538754626075,0,1,1,0,1,0,0,0,1,0,1,0,0,1,0
360.0,1.0,1,5.1647859739235145,8.933004591578547,0,1,0,1,1,0,0,0,1,0,1,0,0,1,0
360.0,1.0,1,4.852030263919617,8.740336742730447,0,1,0,1,1,0,0,0,1,0,1,0,0,1,0
360.0,1.0,0,5.135798437050262,8.086410275323782,0,1,0,1,1,0,0,0,1,0,1,0,1,0,0
360.0,1.0,0,4.927253685157205,8.462737005620179,0,1,0,1,1,0,0,0,0,1,0,1,0,0,1
360.0,1.0,1,5.3471075307174685,8.740336742730447,0,1,0,1,0,0,1,0,1,0,1,0,0,1,0
480.0,1.0,1,5.062595033026967,8.467582690862903,0,1,0,1,1,0,0,0,1,0,1,0,0,1,0
360.0,1.0,1,5.298317366548036,8.764053269347762,0,1,1,0,1,0,0,0,1,0,0,1,1,0,0
360.0,1.0,1,4.6443908991413725,7.820439515262181,0,1,0,1,0,1,0,0,1,0,1,0,0,1,0
180.0,1.0,1,3.7376696182833684,8.22040309993373,0,1,0,1,1,0,0,0,1,0,1,0,1,0,0
360.0,1.0,1,4.787491742782046,8.067462667010057,0,1,1,0,1,0,0,0,0,1,1,0,1,0,0
360.0,1.0,1,5.634789603169249,9.027978814382207,1,0,1,0,1,0,0,0,1,0,1,0,0,1,0
360.0,1.0,1,4.941642422609304,8.056743774975313,0,1,0,1,0,1,0,0,1,0,1,0,0,1,0
360.0,1.0,1,5.135798437050262,8.612503371220562,0,1,0,1,0,1,0,0,1,0,1,0,1,0,0
360.0,1.0,0,5.541263545158426,8.656259239539235,0,1,0,1,1,0,0,0,1,0,1,0,0,0,1
360.0,1.0,1,4.804021044733257,8.149890544402423,1,0,1,0,1,0,0,0,1,0,0,1,0,0,1
360.0,1.0,1,4.718498871295094,8.245909264774093,1,0,1,0,0,1,0,0,1,0,1,0,1,0,0
360.0,1.0,1,4.564348191467836,8.106212902619962,0,1,0,1,0,1,0,0,1,0,1,0,0,1,0
360.0,1.0,1,4.787491742782046,8.66888370465667,0,1,0,1,0,0,1,0,1,0,1,0,1,0,0
180.0,1.0,0,4.941642422609304,7.828038032125829,0,1,0,1,0,1,0,0,0,1,1,0,0,0,1
60.0,1.0,1,5.043425116919247,7.994632311431825,0,1,1,0,1,0,0,0,1,0,1,0,0,0,1
360.0,1.0,1,4.68213122712422,8.740336742730447,0,1,0,1,0,0,1,0,1,0,0,1,1,0,0
360.0,1.0,1,4.812184355372417,8.133293861222633,0,1,0,1,1,0,0,0,0,1,1,0,0,1,0
180.0,1.0,0,4.787491742782046,8.707813551024888,0,1,1,0,1,0,0,0,1,0,0,1,0,0,1
360.0,1.0,1,4.718498871295094,9.1801903950253,0,1,0,1,0,0,1,0,1,0,1,0,0,0,1
180.0,1.0,1,4.919980925828125,8.796036315200814,0,1,0,1,0,1,0,0,0,1,1,0,0,0,1
480.0,1.0,1,4.812184355372417,7.966239776559467,0,1,0,1,0,1,0,0,1,0,1,0,0,1,0
360.0,1.0,1,4.499809670330265,7.500529485395295,0,1,0,1,1,0,0,0,1,0,1,0,0,0,1
360.0,0.0,0,5.303304908059076,7.419380582918692,0,1,0,1,1,0,0,0,0,1,1,0,0,1,0
360.0,1.0,0,4.927253685157205,8.139440521874608,1,0,1,0,0,0,1,0,1,0,1,0,0,0,1
360.0,1.0,1,4.6443908991413725,7.8567067930958405,0,1,1,0,1,0,0,0,0,1,0,1,1,0,0
180.0,1.0,1,5.631211781821365,7.886457270977689,0,1,0,1,0,1,0,0,0,1,1,0,0,1,0
360.0,0.0,0,5.2574953720277815,9.695848187757884,0,1,1,0,1,0,0,0,1,0,0,1,0,0,1
360.0,1.0,1,5.541263545158426,8.03365842788615,1,0,1,0,0,0,0,1,1,0,1,0,1,0,0
360.0,0.0,0,4.74493212836325,8.706986763048892,0,1,1,0,1,0,0,0,0,1,1,0,1,0,0
360.0,1.0,0,4.543294782270004,8.565983355585669,0,1,0,1,0,0,0,1,1,0,1,0,0,0,1
360.0,1.0,0,5.717027701406222,9.594445640962938,0,1,0,1,1,0,0,0,1,0,1,0,1,0,0
360.0,1.0,0,4.852030263919617,8.503297086224126,0,1,0,1,0,0,0,1,0,1,1,0,0,1,0
360.0,1.0,1,5.799092654460526,8.713253274320705,0,1,0,1,0,1,0,0,1,0,1,0,0,0,1
360.0,1.0,1,4.897839799950911,7.630461261783627,0,1,1,0,1,0,0,0,1,0,1,0,0,1,0
36.0,1.0,0,5.043425116919247,8.15507488781144,1,0,1,0,0,1,0,0,1,0,1,0,0,1,0
360.0,1.0,1,4.787491742782046,8.881836305004146,1,0,1,0,1,0,0,0,1,0,1,0,1,0,0
360.0,1.0,1,4.852030263919617,8.549853973655786,0,1,1,0,1,0,0,0,1,0,0,1,0,1,0
360.0,1.0,1,5.017279836814924,8.31752199628717,0,1,1,0,1,0,0,0,1,0,1,0,1,0,0
360.0,1.0,1,5.0106352940962555,8.457018468380168,0,1,0,1,0,0,1,0,1,0,1,0,0,1,0
360.0,0.0,1,5.075173815233827,8.374015421739909,0,1,0,1,0,0,0,1,1,0,1,0,0,0,1
360.0,1.0,0,4.90527477843843,8.136810863675537,1,0,1,0,1,0,0,0,1,0,1,0,1,0,0
360.0,1.0,1,4.499809670330265,7.964155718840937,1,0,1,0,0,1,0,0,1,0,1,0,0,0,1
360.0,1.0,1,3.4011973816621555,8.082402253926244,1,0,1,0,1,0,0,0,1,0,1,0,0,0,1
360.0,1.0,1,4.912654885736052,9.318835968129482,0,1,0,1,1,0,0,0,1,0,1,0,0,0,1
360.0,1.0,1,4.836281906951478,7.949091499830517,0,1,1,0,1,0,0,0,1,0,1,0,1,0,0
360.0,1.0,1,5.0106352940962555,7.8709295967551425,0,1,0,1,1,0,0,0,1,0,1,0,0,1,0
360.0,1.0,1,4.499809670330265,8.268731832117737,0,1,0,1,0,0,1,0,1,0,1,0,0,1,0
360.0,1.0,1,4.74493212836325,7.919356190660617,0,1,0,1,0,1,0,0,1,0,1,0,0,1,0
360.0,1.0,1,5.332718793265369,8.292298107063221,0,1,0,1,1,0,0,0,1,0,1,0,0,1,0
360.0,1.0,1,4.382026634673881,8.04012466444838,0,1,0,1,1,0,0,0,1,0,1,0,0,0,1
360.0,1.0,1,6.077642243349034,9.587611745713565,0,1,0,1,1,0,0,0,1,0,1,0,0,1,0
360.0,1.0,1,4.820281565605037,8.318742252692399,1,0,0,1,1,0,0,0,0,1,1,0,1,0,0
360.0,0.0,0,5.062595033026967,8.307212626628308,0,1,1,0,0,1,0,0,0,1,0,1,0,0,1
360.0,1.0,1,4.718498871295094,8.27563105457801,0,1,0,1,1,0,0,0,1,0,1,0,0,1,0
180.0,1.0,1,4.356708826689592,7.741099090035366,0,1,0,1,0,0,1,0,1,0,1,0,0,0,1
360.0,1.0,1,3.9889840465642745,7.501634457883413,1,0,1,0,1,0,0,0,1,0,1,0,0,0,1
360.0,1.0,0,4.852030263919617,9.936293504261306,0,1,0,1,1,0,0,0,1,0,1,0,1,0,0
360.0,1.0,1,4.48863636973214,8.057694194815587,0,1,1,0,1,0,0,0,1,0,1,0,1,0,0
300.0,1.0,0,4.59511985013459,7.8632667240095735,1,0,1,0,1,0,0,0,1,0,0,1,0,1,0
360.0,1.0,1,4.787491742782046,8.21716859576607,0,1,0,1,1,0,0,0,1,0,1,0,1,0,0
360.0,1.0,1,4.74493212836325,8.32457884513685,1,0,1,0,1,0,0,0,1,0,1,0,0,1,0
360.0,1.0,1,5.231108616854587,9.159888828480085,0,1,1,0,1,0,0,0,1,0,1,0,1,0,0
360.0,1.0,1,4.9344739331306915,8.031060180240619,0,1,0,1,1,0,0,0,1,0,1,0,1,0,0
360.0,0.0,0,4.844187086458591,8.389359819906353,0,1,0,1,0,0,1,0,1,0,1,0,0,1,0
360.0,1.0,1,4.897839799950911,8.056109659545061,0,1,0,1,0,0,1,0,1,0,1,0,0,0,1
480.0,0.0,0,4.962844630259907,8.597297435657898,1,0,1,0,1,0,0,0,1,0,1,0,0,0,1
360.0,1.0,1,5.147494476813453,7.776115477098742,0,1,0,1,1,0,0,0,1,0,1,0,0,1,0
360.0,1.0,1,4.700480365792417,8.392989587956931,0,1,0,1,0,0,0,1,1,0,1,0,0,0,1
360.0,1.0,1,5.298317366548036,8.835646922534773,0,1,0,1,0,1,0,0,1,0,1,0,0,1,0
360.0,1.0,1,4.90527477843843,8.448057452581375,1,0,0,1,0,1,0,0,1,0,1,0,0,0,1
480.0,1.0,0,5.017279836814924,8.517193191416238,1,0,1,0,1,0,0,0,1,0,1,0,1,0,0
360.0,1.0,0,4.727387818712341,7.607878073278507,0,1,0,1,0,1,0,0,1,0,1,0,0,0,1
360.0,0.0,0,4.532599493153256,7.495541943884256,0,1,0,1,1,0,0,0,0,1,1,0,0,0,1
360.0,1.0,1,4.653960350157523,7.963807953231451,0,1,0,1,1,0,0,0,0,1,1,0,0,1,0
360.0,1.0,1,4.882801922586371,8.517193191416238,1,0,1,0,1,0,0,0,1,0,1,0,1,0,0
360.0,1.0,1,4.564348191467836,7.393263094763838,0,1,0,1,0,1,0,0,1,0,1,0,0,0,1
360.0,1.0,1,4.941642422609304,8.294049640102028,0,1,1,0,1,0,0,0,1,0,1,0,1,0,0
360.0,1.0,0,4.852030263919617,7.600902459542082,0,1,1,0,1,0,0,0,0,1,1,0,0,0,1
360.0,1.0,1,4.90527477843843,8.232706009860976,1,0,1,0,1,0,0,0,1,0,1,0,1,0,0
360.0,0.0,0,4.6443908991413725,7.783224016336037,1,0,1,0,1,0,0,0,1,0,1,0,0,0,1
360.0,1.0,0,6.173786103901937,9.915070213779195,0,1,1,0,1,0,0,0,1,0,1,0,1,0,0
360.0,1.0,1,5.220355825078324,8.944680683558895,0,1,0,1,0,0,1,0,0,1,1,0,1,0,0
360.0,1.0,1,4.430816798843313,7.978310969867722,1,0,1,0,1,0,0,0,1,0,1,0,0,1,0
360.0,1.0,1,4.709530201312334,7.9817332866918855,0,1,1,0,1,0,0,0,0,1,1,0,0,1,0
360.0,1.0,1,4.02535169073515,7.826842098158293,1,0,1,0,1,0,0,0,1,0,1,0,1,0,0
84.0,1.0,1,4.969813299576001,8.656259239539235,0,1,0,1,0,0,1,0,1,0,0,1,1,0,0
360.0,1.0,0,5.0689042022202315,7.813187267521416,0,1,0,1,1,0,0,0,1,0,1,0,1,0,0
180.0,1.0,1,4.709530201312334,8.131236549696116,0,1,0,1,0,1,0,0,0,1,1,0,0,0,1
360.0,1.0,1,4.787491742782046,8.220672170297252,0,1,0,1,0,0,1,0,1,0,1,0,0,1,0
360.0,1.0,1,4.477336814478207,7.629489916393995,0,1,0,1,1,0,0,0,1,0,1,0,0,0,1
360.0,1.0,1,4.718498871295094,8.172164452111904,1,0,1,0,0,1,0,0,1,0,1,0,0,1,0
360.0,1.0,0,5.043425116919247,9.210340371976184,0,1,0,1,0,1,0,0,1,0,0,1,1,0,0
360.0,1.0,1,4.74493212836325,7.783224016336037,0,1,0,1,1,0,0,0,1,0,1,0,0,1,0
360.0,1.0,1,4.820281565605037,8.376090350438238,0,1,0,1,0,0,0,1,1,0,1,0,0,1,0
360.0,1.0,1,4.852030263919617,8.188966863648876,0,1,0,1,0,0,1,0,0,1,1,0,1,0,0
360.0,1.0,1,4.882801922586371,8.060224240440958,1,0,1,0,1,0,0,0,1,0,1,0,1,0,0
360.0,1.0,1,5.703782474656201,9.615805480084347,0,1,0,1,0,0,0,1,1,0,1,0,1,0,0
360.0,0.0,0,5.929589143389895,9.067162602299854,0,1,0,1,0,1,0,0,1,0,0,1,1,0,0
360.0,0.0,1,4.867534450455582,8.50045386741194,0,1,1,0,1,0,0,0,1,0,1,0,1,0,0
360.0,1.0,1,5.214935757608986,8.668711839055147,0,1,0,1,1,0,0,0,1,0,0,1,0,1,0
360.0,1.0,0,4.700480365792417,8.374015421739909,1,0,0,1,1,0,0,0,1,0,1,0,0,0,1
360.0,1.0,1,4.204692619390966,7.824046010856292,1,0,1,0,1,0,0,0,1,0,1,0,0,0,1
360.0,1.0,1,4.762173934797756,8.385716828627851,0,1,1,0,0,1,0,0,1,0,1,0,0,0,1
360.0,1.0,1,4.584967478670572,7.984462732262196,0,1,1,0,1,0,0,0,1,0,1,0,0,1,0
360.0,1.0,1,4.2626798770413155,7.949091499830517,0,1,1,0,1,0,0,0,1,0,1,0,0,0,1
180.0,1.0,1,6.194405391104672,11.05622495553552,0,1,0,1,1,0,0,0,1,0,1,0,0,0,1
180.0,1.0,1,5.204006687076795,9.193499354780156,0,1,0,1,0,1,0,0,1,0,0,1,0,0,1
360.0,1.0,1,4.248495242049359,8.613048677059759,0,1,0,1,1,0,0,0,1,0,0,1,0,1,0
360.0,1.0,1,5.075173815233827,8.565983355585669,0,1,0,1,0,1,0,0,1,0,1,0,1,0,0
360.0,1.0,1,5.170483995038151,7.824046010856292,0,1,0,1,0,0,1,0,1,0,0,1,1,0,0
360.0,0.0,0,4.852030263919617,7.512071245835466,1,0,1,0,0,0,0,1,0,1,1,0,0,0,1
360.0,1.0,1,4.2626798770413155,8.333270353255308,1,0,1,0,1,0,0,0,1,0,1,0,0,1,0
360.0,1.0,0,5.153291594497779,7.881182202227102,0,1,0,1,0,0,0,1,0,1,1,0,1,0,0
360.0,1.0,0,3.828641396489095,7.774015077250727,1,0,1,0,1,0,0,0,1,0,1,0,1,0,0
360.0,1.0,1,5.062595033026967,8.423761246623686,0,1,0,1,0,1,0,0,0,1,1,0,0,0,1
360.0,1.0,1,4.30406509320417,8.062432791583195,0,1,0,1,0,0,0,1,0,1,1,0,0,1,0
360.0,1.0,1,4.8283137373023015,7.8567067930958405,0,1,0,1,0,0,1,0,1,0,1,0,1,0,0
360.0,1.0,1,5.075173815233827,7.823645930834952,0,1,0,1,1,0,0,0,1,0,1,0,0,1,0
360.0,0.0,0,5.0238805208462765,8.167068178341237,0,1,0,1,1,0,0,0,0,1,1,0,1,0,0
360.0,1.0,1,4.836281906951478,8.03365842788615,0,1,0,1,0,0,1,0,0,1,1,0,0,0,1
360.0,1.0,1,5.556828061699537,8.753529336516431,0,1,0,1,1,0,0,0,1,0,1,0,0,1,0
360.0,1.0,1,5.231108616854587,7.872836175025724,0,1,0,1,1,0,0,0,1,0,1,0,1,0,0
360.0,1.0,1,5.429345628954441,9.114159813502214,0,1,0,1,1,0,0,0,1,0,1,0,0,1,0
360.0,1.0,0,5.730099782973574,9.07680897935166,0,1,1,0,1,0,0,0,1,0,1,0,1,0,0
360.0,1.0,1,4.553876891600541,7.888334500738654,0,1,0,1,0,0,0,1,1,0,1,0,1,0,0
360.0,0.0,0,4.653960350157523,8.612503371220562,1,0,0,1,1,0,0,0,1,0,0,1,1,0,0
360.0,1.0,1,4.867534450455582,7.792761720816526,1,0,0,1,1,0,0,0,1,0,1,0,0,1,0
180.0,1.0,1,4.7535901911063645,8.246171559857563,1,0,1,0,1,0,0,0,1,0,1,0,0,0,1
360.0,1.0,1,5.10594547390058,9.027978814382207,0,1,0,1,0,0,1,0,1,0,1,0,1,0,0
360.0,1.0,0,4.204692619390966,8.262300941787448,0,1,0,1,0,1,0,0,1,0,1,0,0,0,1
480.0,0.0,0,4.605170185988092,8.006367567650246,0,1,0,1,1,0,0,0,0,1,1,0,0,0,1
360.0,1.0,1,5.298317366548036,8.550047528287184,0,1,0,1,0,0,0,1,1,0,1,0,0,1,0
360.0,1.0,0,4.394449154672439,8.460199469896118,1,0,1,0,0,1,0,0,1,0,1,0,0,1,0
360.0,1.0,1,5.4638318050256105,8.517193191416238,0,1,0,1,0,0,1,0,1,0,1,0,0,1,0
360.0,1.0,1,4.867534450455582,8.465899897028686,0,1,0,1,1,0,0,0,1,0,1,0,0,0,1
300.0,1.0,1,4.553876891600541,8.0106915391303,0,1,0,1,1,0,0,0,1,0,1,0,0,0,1
360.0,1.0,1,4.948759890378168,8.82790796297859,0,1,1,0,1,0,0,0,1,0,0,1,1,0,0
360.0,1.0,0,4.890349128221754,8.734881892047483,0,1,1,0,1,0,0,0,0,1,1,0,1,0,0
480.0,1.0,0,4.564348191467836,7.824046010856292,0,1,1,0,1,0,0,0,1,0,1,0,0,1,0
360.0,0.0,0,4.820281565605037,8.541690663016626,0,1,1,0,1,0,0,0,1,0,1,0,1,0,0
360.0,1.0,1,5.1647859739235145,8.752265313595721,0,1,0,1,0,1,0,0,1,0,1,0,0,1,0
360.0,1.0,0,6.345636360828596,9.889895599016661,0,1,0,1,1,0,0,0,1,0,1,0,1,0,0
360.0,1.0,1,4.007333185232471,9.665166909622071,1,0,1,0,1,0,0,0,1,0,0,1,0,1,0
360.0,1.0,1,5.043425116919247,8.553525120663627,0,1,0,1,0,0,1,0,1,0,1,0,0,1,0
300.0,1.0,1,5.940171252720432,9.140239744296693,0,1,0,1,0,0,1,0,1,0,0,1,1,0,0
180.0,0.0,0,4.709530201312334,8.026823576217629,0,1,1,0,0,1,0,0,1,0,1,0,0,0,1
360.0,1.0,1,4.700480365792417,7.92443418488756,1,0,1,0,1,0,0,0,1,0,1,0,0,0,1
180.0,1.0,1,4.787491742782046,8.479906606630221,0,1,0,1,1,0,0,0,1,0,1,0,0,0,1
360.0,1.0,1,4.867534450455582,9.07680897935166,0,1,0,1,0,0,0,1,1,0,1,0,1,0,0
360.0,1.0,1,4.867534450455582,8.368693183097793,0,1,0,1,1,0,0,0,1,0,1,0,0,1,0
480.0,1.0,0,4.2626798770413155,8.029107054619736,0,1,1,0,1,0,0,0,1,0,1,0,0,0,1
360.0,1.0,1,4.867534450455582,8.592486175451668,0,1,0,1,0,0,1,0,1,0,1,0,0,0,1
360.0,1.0,1,4.852030263919617,8.11162807830774,0,1,0,1,1,0,0,0,1,0,1,0,0,1,0
360.0,1.0,1,5.69035945432406,8.689632748355741,0,1,1,0,1,0,0,0,1,0,1,0,0,1,0
360.0,1.0,1,5.049856007249537,8.699514748210191,1,0,1,0,1,0,0,0,1,0,1,0,0,0,1
360.0,1.0,1,4.852030263919617,8.877242435993919,0,1,1,0,1,0,0,0,1,0,0,1,0,0,1
360.0,1.0,0,4.605170185988092,8.42639282708974,0,1,0,1,0,0,1,0,1,0,1,0,0,0,1
180.0,1.0,1,4.727387818712341,8.207129168071326,0,1,1,0,0,1,0,0,1,0,1,0,0,0,1
360.0,1.0,1,4.882801922586371,7.76046702921342,0,1,1,0,1,0,0,0,0,1,1,0,0,1,0
360.0,0.0,0,4.852030263919617,8.009695357742922,0,1,0,1,1,0,0,0,0,1,1,0,0,0,1
360.0,1.0,1,4.912654885736052,7.75491027202143,0,1,0,1,1,0,0,0,1,0,1,0,0,0,1
360.0,1.0,1,4.8283137373023015,8.610319169405722,0,1,0,1,1,0,0,0,1,0,1,0,1,0,0
360.0,1.0,1,5.220355825078324,9.123365357961776,0,1,1,0,0,0,0,1,1,0,1,0,1,0,0
360.0,1.0,1,5.616771097666572,9.159468041602427,0,1,0,1,0,0,0,1,1,0,1,0,1,0,0
360.0,1.0,1,4.787491742782046,7.8567067930958405,0,1,0,1,1,0,0,0,1,0,1,0,0,0,1
180.0,1.0,1,4.727387818712341,7.597396320212795,0,1,0,1,0,0,1,0,0,1,1,0,0,1,0
360.0,1.0,1,4.727387818712341,8.039157390473237,0,1,0,1,0,0,1,0,1,0,1,0,0,0,1
360.0,1.0,1,4.90527477843843,8.09437844497296,0,1,0,1,0,0,1,0,1,0,1,0,0,1,0
360.0,0.0,0,4.2626798770413155,8.064636475774222,1,0,1,0,1,0,0,0,1,0,1,0,0,0,1
360.0,1.0,1,4.553876891600541,8.017307507688582,0,1,0,1,1,0,0,0,1,0,1,0,0,0,1
360.0,1.0,1,4.6913478822291435,8.269244521183056,0,1,1,0,1,0,0,0,0,1,1,0,1,0,0
360.0,0.0,0,4.634728988229636,7.313220387090301,1,0,1,0,1,0,0,0,1,0,1,0,0,1,0
180.0,0.0,0,3.8066624897703196,7.968665700466235,0,1,0,1,0,0,1,0,0,1,1,0,0,0,1
300.0,1.0,0,4.174387269895637,7.9211727215870145,0,1,1,0,1,0,0,0,0,1,1,0,1,0,0
360.0,1.0,1,4.634728988229636,7.824046010856292,0,1,1,0,1,0,0,0,1,0,1,0,0,1,0
360.0,1.0,1,3.970291913552122,7.5822291942764615,1,0,1,0,1,0,0,0,0,1,1,0,0,1,0
360.0,1.0,0,5.267858159063328,8.914760527397261,1,0,1,0,1,0,0,0,1,0,0,1,1,0,0
360.0,1.0,1,4.74493212836325,8.42222295382501,1,0,1,0,1,0,0,0,1,0,1,0,0,1,0
360.0,1.0,1,4.74493212836325,7.681099001536359,0,1,0,1,1,0,0,0,0,1,1,0,0,0,1
360.0,1.0,1,4.189654742026425,7.70210434005105,1,0,1,0,1,0,0,0,0,1,1,0,1,0,0
300.0,0.0,0,5.0238805208462765,9.02401079378469,0,1,0,1,0,1,0,0,1,0,1,0,0,1,0
360.0,0.0,0,5.886104031450156,11.302204433654575,0,1,0,1,0,0,0,1,1,0,1,0,1,0,0
360.0,1.0,0,4.127134385045092,8.260234291607297,1,0,1,0,0,1,0,0,0,1,0,1,0,1,0
360.0,1.0,1,5.075173815233827,8.741296282225147,0,1,0,1,1,0,0,0,1,0,1,0,0,0,1
360.0,0.0,0,5.384495062789089,8.715388097366482,0,1,0,1,1,0,0,0,0,1,1,0,1,0,0
360.0,1.0,1,4.700480365792417,7.720017940432244,0,1,0,1,1,0,0,0,0,1,1,0,1,0,0
360.0,0.0,0,5.181783550292085,7.67275789664251,1,0,0,1,1,0,0,0,0,1,1,0,0,1,0
360.0,1.0,1,4.0943445622221,8.00469951054955,1,0,1,0,1,0,0,0,1,0,1,0,0,0,1
360.0,1.0,0,5.075173815233827,7.8632667240095735,1,0,1,0,0,1,0,0,1,0,1,0,0,0,1
360.0,1.0,0,5.476463551931511,7.3777589082278725,0,1,0,1,0,0,1,0,1,0,0,1,0,0,1
360.0,1.0,1,4.718498871295094,6.932447891572509,0,1,0,1,1,0,0,0,1,0,1,0,1,0,0
360.0,1.0,1,4.927253685157205,8.085178748074537,0,1,0,1,1,0,0,0,1,0,1,0,0,1,0
360.0,1.0,1,4.927253685157205,8.67060073804555,0,1,0,1,1,0,0,0,1,0,1,0,1,0,0
360.0,0.0,0,4.382026634673881,7.908387159290043,1,0,1,0,1,0,0,0,0,1,1,0,0,0,1
360.0,1.0,1,4.605170185988092,7.506591780070841,0,1,0,1,1,0,0,0,1,0,1,0,0,0,1
360.0,0.0,0,4.700480365792417,8.88875674784872,0,1,0,1,0,1,0,0,1,0,1,0,0,0,1
360.0,1.0,1,4.564348191467836,9.607773308387083,0,1,0,1,1,0,0,0,1,0,1,0,0,1,0
360.0,1.0,1,4.795790545596741,7.888334500738654,0,1,0,1,1,0,0,0,1,0,1,0,1,0,0
360.0,1.0,0,4.394449154672439,8.43511508038063,1,0,1,0,0,1,0,0,0,1,1,0,1,0,0
360.0,1.0,1,4.890349128221754,8.688622307043769,0,1,0,1,0,0,1,0,1,0,1,0,0,1,0
360.0,1.0,1,4.465908118654584,7.979338895262328,0,1,0,1,1,0,0,0,1,0,1,0,1,0,0
180.0,1.0,1,4.0943445622221,7.907283609426348,0,1,1,0,1,0,0,0,0,1,1,0,0,0,1
360.0,1.0,1,5.0106352940962555,9.06230429314878,1,0,1,0,0,1,0,0,1,0,0,1,0,1,0
360.0,0.0,0,4.653960350157523,8.779557455883728,0,1,1,0,1,0,0,0,1,0,1,0,1,0,0
360.0,1.0,1,6.003887067106539,9.463120392418698,0,1,1,0,1,0,0,0,1,0,1,0,0,1,0
360.0,1.0,1,4.962844630259907,7.793586803371584,0,1,0,1,1,0,0,0,1,0,1,0,0,1,0
360.0,1.0,1,4.605170185988092,8.229511118964457,0,1,1,0,1,0,0,0,1,0,1,0,0,0,1
240.0,1.0,1,4.852030263919617,9.215029361462314,1,0,0,1,1,0,0,0,1,0,1,0,0,1,0
360.0,1.0,1,3.912023005428146,7.563200592358071,0,1,1,0,1,0,0,0,1,0,1,0,0,1,0
360.0,1.0,1,4.852030263919617,7.70210434005105,0,1,0,1,1,0,0,0,1,0,1,0,0,0,1
360.0,0.0,0,5.231108616854587,9.251098364448351,0,1,1,0,1,0,0,0,1,0,0,1,0,0,1
360.0,1.0,1,4.927253685157205,8.873748128154395,1,0,0,1,1,0,0,0,0,1,0,1,1,0,0
360.0,1.0,1,5.231108616854587,8.205218426395412,0,1,1,0,1,0,0,0,1,0,1,0,0,1,0
360.0,1.0,1,5.19295685089021,8.974744612722734,0,1,0,1,1,0,0,0,1,0,1,0,1,0,0
360.0,1.0,1,4.997212273764115,8.456806041401142,0,1,1,0,0,0,0,1,0,1,1,0,0,1,0
360.0,1.0,1,5.0238805208462765,10.537919225261291,0,1,1,0,0,1,0,0,1,0,1,0,0,1,0
300.0,1.0,1,5.1647859739235145,8.9001399880938,0,1,0,1,1,0,0,0,1,0,1,0,1,0,0
360.0,1.0,1,4.867534450455582,8.150756470275551,0,1,0,1,0,1,0,0,1,0,0,1,1,0,0
360.0,1.0,1,4.700480365792417,8.445052513638554,0,1,0,1,0,0,1,0,0,1,1,0,1,0,0
360.0,1.0,0,4.007333185232471,8.171599480345463,0,1,0,1,1,0,0,0,1,0,1,0,1,0,0
360.0,0.0,0,5.0106352940962555,8.113726085970747,0,1,0,1,0,0,1,0,1,0,1,0,1,0,0
360.0,1.0,0,5.247024072160486,7.926241523170962,0,1,1,0,0,1,0,0,0,1,0,1,0,1,0
360.0,0.0,0,4.8283137373023015,7.744569809354496,0,1,0,1,0,0,1,0,0,1,1,0,1,0,0
300.0,1.0,1,4.0943445622221,7.579678823090456,0,1,0,1,0,0,1,0,0,1,1,0,0,0,1
360.0,0.0,0,5.003946305945459,8.280964400553373,0,1,0,1,1,0,0,0,1,0,1,0,1,0,0
180.0,0.0,1,4.499809670330265,7.817222785508166,0,1,0,1,1,0,0,0,1,0,1,0,1,0,0
360.0,1.0,1,4.430816798843313,8.865735152124781,0,1,1,0,1,0,0,0,1,0,0,1,0,1,0
360.0,1.0,1,4.564348191467836,8.258163361537619,0,1,0,1,0,0,1,0,1,0,1,0,0,1,0
360.0,1.0,1,4.770684624465665,8.366602832783736,0,1,0,1,1,0,0,0,1,0,1,0,0,0,1
360.0,1.0,0,5.153291594497779,8.218247926685745,0,1,0,1,1,0,0,0,1,0,1,0,0,0,1
360.0,1.0,1,4.912654885736052,8.378850241794492,0,1,1,0,0,0,1,0,1,0,1,0,1,0,0
360.0,1.0,0,5.075173815233827,9.0280988119824,0,1,0,1,1,0,0,0,1,0,1,0,0,1,0
360.0,1.0,1,5.075173815233827,7.641564441260972,0,1,0,1,1,0,0,0,1,0,0,1,0,1,0
180.0,1.0,1,4.852030263919617,8.954156966583772,0,1,0,1,0,0,0,1,1,0,1,0,0,0,1
360.0,1.0,1,5.030437921392435,8.011355109161286,0,1,0,1,1,0,0,0,1,0,1,0,1,0,0
360.0,1.0,1,4.882801922586371,8.55468163582723,1,0,1,0,0,1,0,0,0,1,1,0,0,1,0
360.0,0.0,0,4.584967478670572,8.334711621820917,0,1,1,0,1,0,0,0,1,0,1,0,0,1,0
360.0,1.0,1,4.941642422609304,8.699514748210191,0,1,1,0,1,0,0,0,1,0,1,0,1,0,0
180.0,0.0,0,4.248495242049359,7.988542982737695,0,1,0,1,0,0,0,1,0,1,1,0,0,0,1
360.0,1.0,1,4.700480365792417,9.722684841711443,0,1,0,1,1,0,0,0,1,0,1,0,0,1,0
360.0,1.0,1,4.584967478670572,5.3471075307174685,1,0,0,1,0,0,1,0,0,1,1,0,0,1,0
360.0,1.0,0,4.700480365792417,8.374015421739909,0,1,0,1,1,0,0,0,1,0,1,0,0,0,1
360.0,1.0,1,5.087596335232384,8.146129510025405,0,1,0,1,0,1,0,0,1,0,0,1,0,1,0
180.0,0.0,0,4.727387818712341,7.88344635413774,0,1,0,1,0,1,0,0,0,1,1,0,1,0,0
360.0,1.0,1,4.605170185988092,8.453401058328458,0,1,0,1,0,0,0,1,1,0,1,0,0,1,0
360.0,1.0,1,4.532599493153256,7.824046010856292,1,0,1,0,1,0,0,0,1,0,0,1,0,0,1
360.0,1.0,1,5.087596335232384,8.61830469278465,0,1,1,0,0,0,1,0,1,0,1,0,1,0,0
360.0,1.0,1,5.0106352940962555,9.712629664719888,0,1,0,1,0,0,1,0,1,0,0,1,1,0,0
300.0,1.0,1,5.438079308923196,8.809862805379057,0,1,0,1,0,0,1,0,1,0,1,0,0,1,0
360.0,0.0,0,4.882801922586371,7.96311205897929,0,1,0,1,0,0,1,0,1,0,1,0,0,1,0
360.0,1.0,1,4.454347296253507,9.721185995542177,0,1,0,1,0,1,0,0,1,0,0,1,0,1,0
360.0,1.0,0,4.852030263919617,7.988542982737695,0,1,0,1,0,0,1,0,1,0,1,0,0,0,1
360.0,1.0,1,5.0369526024136295,8.37793112408273,1,0,1,0,1,0,0,0,0,1,1,0,1,0,0
360.0,1.0,1,4.727387818712341,8.037543185118697,0,1,0,1,0,0,0,1,0,1,1,0,1,0,0
360.0,1.0,1,4.852030263919617,7.641564441260972,0,1,0,1,1,0,0,0,1,0,1,0,0,1,0
360.0,1.0,1,5.455321115357702,9.290352309945568,0,1,0,1,1,0,0,0,1,0,1,0,0,1,0
360.0,1.0,1,5.5053315359323625,9.027978814382207,0,1,0,1,0,0,1,0,1,0,1,0,0,1,0
360.0,1.0,1,4.875197323201151,7.579678823090456,0,1,0,1,0,1,0,0,0,1,1,0,1,0,0
360.0,0.0,0,4.382026634673881,8.173857454773621,0,1,1,0,0,0,1,0,1,0,1,0,1,0,0
360.0,1.0,0,6.214608098422191,9.816457993563025,0,1,0,1,0,1,0,0,1,0,1,0,0,0,1
360.0,1.0,1,5.075173815233827,8.430109084509125,0,1,0,1,0,0,1,0,1,0,0,1,0,1,0
360.0,1.0,0,4.31748811353631,7.79770203551669,0,1,1,0,1,0,0,0,1,0,1,0,0,0,1
360.0,1.0,1,4.564348191467836,7.900636613018005,0,1,1,0,1,0,0,0,0,1,1,0,0,1,0
360.0,1.0,1,5.225746673713202,8.581669210600602,0,1,0,1,0,1,0,0,0,1,1,0,0,0,1
360.0,1.0,1,4.700480365792417,8.213652703029998,0,1,1,0,1,0,0,0,0,1,1,0,1,0,0
360.0,1.0,1,5.41610040220442,9.756320761816548,1,0,1,0,1,0,0,0,0,1,0,1,0,1,0
360.0,0.0,0,4.77912349311153,8.187855443695623,0,1,0,1,1,0,0,0,1,0,1,0,1,0,0
84.0,1.0,1,4.653960350157523,8.109525659752872,1,0,0,1,0,1,0,0,1,0,1,0,0,1,0
360.0,1.0,1,4.672828834461906,7.8632667240095735,0,1,0,1,1,0,0,0,0,1,1,0,1,0,0
12.0,1.0,1,4.709530201312334,8.439231649946526,0,1,0,1,1,0,0,0,1,0,1,0,0,0,1
360.0,1.0,1,4.553876891600541,7.970740390007095,0,1,0,1,0,1,0,0,1,0,0,1,0,1,0
360.0,0.0,0,5.342334251964811,8.745602852402946,0,1,1,0,1,0,0,0,1,0,1,0,1,0,0
480.0,1.0,1,4.727387818712341,6.4692503167957724,1,0,1,0,1,0,0,0,1,0,1,0,1,0,0
360.0,1.0,1,4.605170185988092,8.058010800802085,1,0,1,0,1,0,0,0,1,0,1,0,0,1,0
360.0,1.0,1,5.337538079701318,8.489821994620105,0,1,0,1,0,0,1,0,1,0,1,0,0,1,0
360.0,1.0,0,4.927253685157205,8.306472160100585,0,1,0,1,0,1,0,0,0,1,1,0,1,0,0
300.0,1.0,1,4.820281565605037,8.246433786160365,0,1,0,1,1,0,0,0,0,1,1,0,0,1,0
360.0,1.0,1,5.493061443340548,8.163371316459912,0,1,0,1,0,0,1,0,1,0,1,0,1,0,0
360.0,1.0,1,6.173786103901937,9.944293546928382,0,1,0,1,1,0,0,0,1,0,1,0,0,0,1
360.0,1.0,0,4.564348191467836,8.183955717304954,0,1,1,0,1,0,0,0,1,0,1,0,0,0,1
360.0,1.0,1,5.236441962829949,7.8156105320351905,0,1,0,1,1,0,0,0,1,0,0,1,0,0,1
360.0,1.0,1,3.6888794541139363,9.492658081928813,1,0,1,0,0,1,0,0,1,0,1,0,0,0,1
360.0,1.0,0,4.605170185988092,8.188133414510478,0,1,1,0,1,0,0,0,0,1,1,0,1,0,0
360.0,1.0,1,5.521460917862246,8.71028982137815,0,1,0,1,0,1,0,0,1,0,1,0,0,1,0
360.0,1.0,1,4.997212273764115,8.096512917501594,0,1,0,1,0,0,1,0,1,0,1,0,0,0,1
180.0,1.0,0,4.248495242049359,7.6638772587034705,0,1,0,1,1,0,0,0,1,0,1,0,0,1,0
360.0,1.0,0,5.739792912179234,8.668196064952765,0,1,1,0,1,0,0,0,1,0,1,0,1,0,0
360.0,1.0,1,5.0106352940962555,8.150756470275551,0,1,0,1,0,0,0,1,1,0,1,0,1,0,0
480.0,1.0,1,4.727387818712341,7.616283561580385,1,0,0,1,0,0,1,0,1,0,1,0,0,1,0
360.0,0.0,0,4.812184355372417,8.03073492409854,0,1,0,1,1,0,0,0,0,1,1,0,0,1,0
360.0,1.0,0,5.220355825078324,8.451694209183541,0,1,1,0,1,0,0,0,1,0,1,0,0,1,0
360.0,1.0,0,4.553876891600541,8.131530710604252,1,0,1,0,1,0,0,0,0,1,1,0,1,0,0
360.0,1.0,1,3.8066624897703196,7.692569648067906,0,1,0,1,0,0,1,0,0,1,1,0,0,1,0
360.0,1.0,1,4.007333185232471,7.824046010856292,0,1,1,0,1,0,0,0,1,0,1,0,0,1,0
360.0,1.0,1,4.605170185988092,8.644178203170727,0,1,0,1,0,0,0,1,1,0,0,1,1,0,0
360.0,1.0,1,6.173786103901937,8.980675603671708,0,1,0,1,0,0,1,0,1,0,0,1,1,0,0
360.0,1.0,0,4.852030263919617,8.451053388911692,0,1,1,0,1,0,0,0,1,0,1,0,0,1,0
360.0,1.0,1,5.991464547107982,9.769956159911606,0,1,0,1,0,0,1,0,1,0,0,1,1,0,0
360.0,1.0,1,4.700480365792417,8.236155661683124,0,1,0,1,1,0,0,0,1,0,1,0,0,1,0
360.0,0.0,1,5.081404364984463,8.572627898304338,0,1,0,1,0,1,0,0,0,1,1,0,0,1,0
360.0,1.0,1,4.543294782270004,7.893198869544609,0,1,1,0,0,1,0,0,0,1,1,0,0,1,0
360.0,1.0,1,4.867534450455582,8.82217476094608,0,1,1,0,1,0,0,0,0,1,1,0,0,1,0
360.0,1.0,1,5.375278407684165,6.932447891572509,0,1,0,1,1,0,0,0,1,0,1,0,1,0,0
360.0,1.0,1,4.605170185988092,8.361941906144946,0,1,0,1,0,0,0,1,1,0,1,0,0,0,1
360.0,0.0,0,4.700480365792417,8.185350223178686,0,1,1,0,0,0,1,0,1,0,1,0,1,0,0
360.0,1.0,0,5.278114659230517,9.328123407632566,0,1,1,0,0,1,0,0,1,0,1,0,0,1,0
360.0,1.0,1,4.8283137373023015,9.807251944655302,1,0,1,0,1,0,0,0,0,1,0,1,0,0,1
360.0,1.0,1,4.836281906951478,7.843848638152472,0,1,1,0,1,0,0,0,0,1,1,0,1,0,0
360.0,1.0,1,5.780743515792329,8.721439305625983,0,1,0,1,1,0,0,0,1,0,1,0,0,0,1
360.0,1.0,1,4.672828834461906,8.193400231952097,0,1,1,0,0,0,1,0,1,0,1,0,0,1,0
360.0,1.0,0,4.189654742026425,7.978310969867722,0,1,0,1,1,0,0,0,0,1,1,0,1,0,0
180.0,1.0,1,5.056245805348308,8.766705997750515,0,1,0,1,0,0,0,1,1,0,1,0,1,0,0
180.0,1.0,1,4.941642422609304,8.435549202375727,1,0,0,1,0,1,0,0,1,0,1,0,0,1,0
360.0,0.0,0,4.59511985013459,7.6676260915849905,1,0,1,0,1,0,0,0,1,0,1,0,0,1,0
360.0,1.0,1,4.553876891600541,8.20303024171486,1,0,1,0,0,1,0,0,1,0,1,0,0,1,0
360.0,1.0,1,4.852030263919617,7.713784616598755,0,1,0,1,0,1,0,0,0,1,1,0,0,0,1
360.0,1.0,1,4.624972813284271,8.012018239159062,1,0,0,1,1,0,0,0,0,1,1,0,0,1,0
360.0,1.0,1,5.043425116919247,7.92588031673756,0,1,0,1,1,0,0,0,1,0,1,0,1,0,0
36.0,1.0,0,4.382026634673881,8.119100837637486,0,1,1,0,1,0,0,0,0,1,1,0,0,1,0
360.0,1.0,1,4.976733742420574,7.8343923029104365,0,1,1,0,1,0,0,0,1,0,1,0,1,0,0
360.0,0.0,0,4.634728988229636,8.517193191416238,1,0,1,0,1,0,0,0,1,0,1,0,0,1,0
360.0,1.0,1,4.700480365792417,7.932003152361385,0,1,0,1,1,0,0,0,1,0,1,0,1,0,0
360.0,0.0,0,4.852030263919617,8.799812469525556,0,1,0,1,0,0,1,0,1,0,0,1,1,0,0
360.0,1.0,1,4.852030263919617,7.820840879907344,0,1,0,1,0,1,0,0,0,1,1,0,1,0,0
360.0,1.0,1,5.062595033026967,8.11162807830774,0,1,0,1,0,1,0,0,1,0,1,0,0,0,1
360.0,0.0,0,5.198497031265826,7.805474625270857,0,1,0,1,1,0,0,0,0,1,1,0,0,0,1
180.0,0.0,0,4.882801922586371,8.186742787113518,0,1,0,1,1,0,0,0,1,0,1,0,1,0,0
360.0,1.0,1,3.258096538021482,8.60666819784384,0,1,0,1,0,1,0,0,1,0,1,0,0,1,0
360.0,1.0,1,4.430816798843313,7.888709524182015,1,0,1,0,1,0,0,0,1,0,1,0,0,0,1
360.0,1.0,1,5.560681631015528,9.22414465295258,0,1,0,1,0,0,0,1,1,0,0,1,0,1,0
360.0,1.0,1,5.087596335232384,8.265392930852224,0,1,0,1,1,0,0,0,1,0,1,0,0,1,0
360.0,1.0,1,5.204006687076795,8.338066525518801,1,0,0,1,1,0,0,0,1,0,1,0,0,1,0
360.0,1.0,1,4.68213122712422,8.209308411646937,0,1,0,1,0,0,1,0,0,1,1,0,0,1,0
360.0,1.0,1,6.396929655216146,9.877348894926433,1,0,0,1,0,1,0,0,1,0,0,1,0,1,0
360.0,1.0,1,5.351858133476067,8.686598356276965,0,1,0,1,1,0,0,0,1,0,1,0,1,0,0
360.0,1.0,1,4.882801922586371,8.66561319653451,0,1,1,0,1,0,0,0,0,1,0,1,0,1,0
360.0,0.0,0,5.552959584921617,9.08239335764556,0,1,0,1,0,0,1,0,1,0,1,0,0,0,1
360.0,1.0,1,4.787491742782046,8.404472321352118,0,1,0,1,1,0,0,0,0,1,1,0,1,0,0
360.0,1.0,1,4.248495242049359,8.11162807830774,0,1,1,0,1,0,0,0,1,0,1,0,0,0,1
360.0,0.0,0,4.812184355372417,8.131530710604252,0,1,0,1,0,0,0,1,1,0,1,0,1,0,0
360.0,1.0,0,2.1972245773362196,7.774015077250727,1,0,1,0,1,0,0,0,1,0,1,0,0,0,1
360.0,0.0,0,4.6443908991413725,8.060224240440958,0,1,0,1,1,0,0,0,1,0,1,0,0,0,1
360.0,1.0,1,5.225746673713202,8.136518252115291,0,1,0,1,0,1,0,0,1,0,1,0,0,0,1
360.0,0.0,0,5.10594547390058,8.540128162698734,0,1,0,1,1,0,0,0,1,0,1,0,0,0,1
360.0,1.0,1,5.616771097666572,9.721125994942152,0,1,0,1,0,0,1,0,1,0,1,0,0,0,1
480.0,1.0,0,5.231108616854587,8.720134035412928,0,1,0,1,0,0,1,0,0,1,1,0,0,1,0
360.0,1.0,0,5.0106352940962555,8.764990330169104,0,1,0,1,0,0,0,1,1,0,1,0,0,1,0
84.0,1.0,1,4.68213122712422,8.058010800802085,0,1,0,1,0,0,1,0,1,0,1,0,0,0,1
360.0,0.0,0,4.912654885736052,8.034955024502159,0,1,0,1,1,0,0,0,1,0,1,0,0,1,0
360.0,1.0,1,4.700480365792417,8.079927770758275,0,1,1,0,1,0,0,0,1,0,1,0,0,0,1
360.0,1.0,1,4.672828834461906,7.485491608030754,0,1,0,1,0,1,0,0,1,0,1,0,1,0,0
360.0,1.0,1,5.081404364984463,8.065265208897733,0,1,1,0,1,0,0,0,1,0,1,0,0,0,1
360.0,1.0,1,5.3230099791384085,8.785692444451245,0,1,0,1,0,0,1,0,1,0,1,0,0,1,0
360.0,1.0,0,4.499809670330265,7.515344571180436,0,1,1,0,1,0,0,0,1,0,1,0,0,0,1
360.0,1.0,1,3.58351893845611,8.060224240440958,1,0,0,1,1,0,0,0,1,0,1,0,0,1,0
360.0,1.0,0,4.110873864173311,7.539027055823995,0,1,0,1,0,1,0,0,1,0,1,0,1,0,0
360.0,0.0,0,4.983606621708336,7.932721027481948,0,1,0,1,0,1,0,0,1,0,1,0,1,0,0
84.0,1.0,0,5.147494476813453,8.36240897761537,0,1,0,1,0,1,0,0,1,0,1,0,1,0,0
360.0,1.0,1,4.6443908991413725,7.739359202689098,0,1,0,1,1,0,0,0,1,0,1,0,0,0,1
360.0,1.0,1,4.248495242049359,7.68017564043659,1,0,1,0,1,0,0,0,0,1,1,0,0,1,0
360.0,1.0,1,4.543294782270004,8.465899897028686,0,1,1,0,1,0,0,0,1,0,1,0,0,1,0
360.0,0.0,0,4.663439094112067,7.9105906122564775,0,1,0,1,0,0,1,0,1,0,0,1,0,1,0
180.0,1.0,1,4.02535169073515,8.006367567650246,0,1,0,1,1,0,0,0,1,0,1,0,0,1,0
240.0,1.0,0,5.3230099791384085,8.699514748210191,0,1,0,1,0,0,1,0,1,0,0,1,0,1,0
360.0,1.0,1,5.676753802268282,9.143880005275912,0,1,1,0,0,0,0,1,1,0,0,1,0,1,0
180.0,1.0,1,4.955827057601261,8.258163361537619,0,1,0,1,1,0,0,0,1,0,1,0,1,0,0
360.0,1.0,1,5.560681631015528,9.68781601606062,0,1,0,1,1,0,0,0,1,0,0,1,0,0,1
360.0,1.0,1,4.700480365792417,8.251403065380556,0,1,1,0,1,0,0,0,0,1,1,0,1,0,0
360.0,1.0,0,5.231108616854587,8.761393485256058,0,1,0,1,0,0,1,0,0,1,0,1,1,0,0
360.0,0.0,0,4.477336814478207,8.00202481821611,0,1,1,0,1,0,0,0,1,0,1,0,0,1,0
360.0,1.0,1,5.19295685089021,9.206633510044856,0,1,0,1,1,0,0,0,1,0,0,1,1,0,0
360.0,1.0,1,5.2574953720277815,8.662158961666423,0,1,0,1,0,0,1,0,1,0,1,0,0,0,1
180.0,1.0,0,5.857933154483459,6.030685260261263,1,0,1,0,0,0,0,1,1,0,1,0,0,0,1
360.0,1.0,1,5.043425116919247,7.970394907191429,0,1,0,1,1,0,0,0,0,1,1,0,1,0,0
360.0,1.0,1,4.852030263919617,8.648747631156539,0,1,0,1,0,0,0,1,1,0,1,0,0,0,1
360.0,1.0,1,5.147494476813453,8.209580483475577,0,1,1,0,1,0,0,0,1,0,1,0,1,0,0
360.0,1.0,1,6.206575926724928,9.392661928770137,1,0,0,1,0,1,0,0,1,0,1,0,0,1,0
180.0,1.0,0,4.852030263919617,7.783224016336037,0,1,0,1,1,0,0,0,0,1,1,0,0,0,1
360.0,1.0,1,5.153291594497779,8.131530710604252,0,1,0,1,0,1,0,0,1,0,1,0,0,1,0
360.0,1.0,1,5.056245805348308,8.290794347381356,0,1,0,1,0,0,1,0,0,1,1,0,1,0,0
360.0,1.0,1,4.68213122712422,8.080856419640986,0,1,0,1,1,0,0,0,1,0,1,0,1,0,0
360.0,1.0,1,4.2626798770413155,7.9724660159745655,1,0,1,0,1,0,0,0,1,0,1,0,1,0,0
180.0,1.0,1,3.6888794541139363,8.32020459757888,0,1,0,1,0,0,0,1,1,0,1,0,1,0,0
360.0,1.0,1,5.53338948872752,8.996156562033445,0,1,0,1,0,1,0,0,1,0,1,0,0,0,1
360.0,1.0,1,5.231108616854587,8.933664178700935,0,1,0,1,0,0,1,0,1,0,1,0,0,0,1
360.0,0.0,0,4.890349128221754,8.430109084509125,1,0,1,0,1,0,0,0,1,0,0,1,0,1,0
